<?xml version="1.0" encoding="UTF-8"?>
<export version="D">
  <design>
    <source>/home/wortinguk/Documents/KiCad/CANlights/CANlights.sch</source>
    <date>Thu 25 Mar 2021 18:58:06 GMT</date>
    <tool>Eeschema 5.1.5+dfsg1-2build2</tool>
    <sheet number="1" name="/" tstamps="/">
      <title_block>
        <title/>
        <company/>
        <rev/>
        <date/>
        <source>CANlights.sch</source>
        <comment number="1" value=""/>
        <comment number="2" value=""/>
        <comment number="3" value=""/>
        <comment number="4" value=""/>
      </title_block>
    </sheet>
  </design>
  <components>
    <comp ref="R23">
      <value>0R050</value>
      <footprint>Resistor_SMD:R_2512_6332Metric_Pad1.52x3.35mm_HandSolder</footprint>
      <datasheet>~</datasheet>
      <libsource lib="Device" part="R" description="Resistor"/>
      <sheetpath names="/" tstamps="/"/>
      <tstamp>5FFE0DF3</tstamp>
    </comp>
    <comp ref="C2">
      <value>10u</value>
      <footprint>Capacitor_SMD:C_1210_3225Metric_Pad1.42x2.65mm_HandSolder</footprint>
      <datasheet>~</datasheet>
      <libsource lib="Device" part="CP" description="Polarized capacitor"/>
      <sheetpath names="/" tstamps="/"/>
      <tstamp>5FFE3C9A</tstamp>
    </comp>
    <comp ref="J3">
      <value>TH 2.54mm 12way header</value>
      <footprint>TerminalBlock_TE-Connectivity:TerminalBlock_TE_1-282834-2_1x12_P2.54mm_Horizontal</footprint>
      <datasheet>~</datasheet>
      <libsource lib="Connector_Generic" part="Conn_01x12" description="Generic connector, single row, 01x12, script generated (kicad-library-utils/schlib/autogen/connector/)"/>
      <sheetpath names="/" tstamps="/"/>
      <tstamp>5FFE4361</tstamp>
    </comp>
    <comp ref="R3">
      <value>47R</value>
      <footprint>Resistor_SMD:R_0805_2012Metric_Pad1.15x1.40mm_HandSolder</footprint>
      <datasheet>~</datasheet>
      <libsource lib="Device" part="R" description="Resistor"/>
      <sheetpath names="/" tstamps="/"/>
      <tstamp>600581E3</tstamp>
    </comp>
    <comp ref="R4">
      <value>47R</value>
      <footprint>Resistor_SMD:R_0805_2012Metric_Pad1.15x1.40mm_HandSolder</footprint>
      <datasheet>~</datasheet>
      <libsource lib="Device" part="R" description="Resistor"/>
      <sheetpath names="/" tstamps="/"/>
      <tstamp>600727B5</tstamp>
    </comp>
    <comp ref="R5">
      <value>47R</value>
      <footprint>Resistor_SMD:R_0805_2012Metric_Pad1.15x1.40mm_HandSolder</footprint>
      <datasheet>~</datasheet>
      <libsource lib="Device" part="R" description="Resistor"/>
      <sheetpath names="/" tstamps="/"/>
      <tstamp>60073004</tstamp>
    </comp>
    <comp ref="R6">
      <value>47R</value>
      <footprint>Resistor_SMD:R_0805_2012Metric_Pad1.15x1.40mm_HandSolder</footprint>
      <datasheet>~</datasheet>
      <libsource lib="Device" part="R" description="Resistor"/>
      <sheetpath names="/" tstamps="/"/>
      <tstamp>600B3CA0</tstamp>
    </comp>
    <comp ref="R7">
      <value>47R</value>
      <footprint>Resistor_SMD:R_0805_2012Metric_Pad1.15x1.40mm_HandSolder</footprint>
      <datasheet>~</datasheet>
      <libsource lib="Device" part="R" description="Resistor"/>
      <sheetpath names="/" tstamps="/"/>
      <tstamp>600C1225</tstamp>
    </comp>
    <comp ref="R8">
      <value>47R</value>
      <footprint>Resistor_SMD:R_0805_2012Metric_Pad1.15x1.40mm_HandSolder</footprint>
      <datasheet>~</datasheet>
      <libsource lib="Device" part="R" description="Resistor"/>
      <sheetpath names="/" tstamps="/"/>
      <tstamp>600D03B7</tstamp>
    </comp>
    <comp ref="R9">
      <value>47R</value>
      <footprint>Resistor_SMD:R_0805_2012Metric_Pad1.15x1.40mm_HandSolder</footprint>
      <datasheet>~</datasheet>
      <libsource lib="Device" part="R" description="Resistor"/>
      <sheetpath names="/" tstamps="/"/>
      <tstamp>600DEED3</tstamp>
    </comp>
    <comp ref="R10">
      <value>47R</value>
      <footprint>Resistor_SMD:R_0805_2012Metric_Pad1.15x1.40mm_HandSolder</footprint>
      <datasheet>~</datasheet>
      <libsource lib="Device" part="R" description="Resistor"/>
      <sheetpath names="/" tstamps="/"/>
      <tstamp>600E7AFE</tstamp>
    </comp>
    <comp ref="R2">
      <value>47R</value>
      <footprint>Resistor_SMD:R_0805_2012Metric_Pad1.15x1.40mm_HandSolder</footprint>
      <datasheet>~</datasheet>
      <libsource lib="Device" part="R" description="Resistor"/>
      <sheetpath names="/" tstamps="/"/>
      <tstamp>600EFC43</tstamp>
    </comp>
    <comp ref="R1">
      <value>47R</value>
      <footprint>Resistor_SMD:R_0805_2012Metric_Pad1.15x1.40mm_HandSolder</footprint>
      <datasheet>~</datasheet>
      <libsource lib="Device" part="R" description="Resistor"/>
      <sheetpath names="/" tstamps="/"/>
      <tstamp>600FACE5</tstamp>
    </comp>
    <comp ref="C3">
      <value>1u</value>
      <footprint>Capacitor_SMD:C_0805_2012Metric_Pad1.15x1.40mm_HandSolder</footprint>
      <datasheet>~</datasheet>
      <libsource lib="Device" part="C" description="Unpolarized capacitor"/>
      <sheetpath names="/" tstamps="/"/>
      <tstamp>601B9B19</tstamp>
    </comp>
    <comp ref="D7">
      <value>Yellow</value>
      <footprint>LED_SMD:LED_0805_2012Metric_Pad1.15x1.40mm_HandSolder</footprint>
      <datasheet>~</datasheet>
      <libsource lib="Device" part="LED" description="Light emitting diode"/>
      <sheetpath names="/" tstamps="/"/>
      <tstamp>60345076</tstamp>
    </comp>
    <comp ref="R27">
      <value>1k2</value>
      <footprint>Resistor_SMD:R_0805_2012Metric_Pad1.15x1.40mm_HandSolder</footprint>
      <datasheet>~</datasheet>
      <libsource lib="Device" part="R" description="Resistor"/>
      <sheetpath names="/" tstamps="/"/>
      <tstamp>6034865F</tstamp>
    </comp>
    <comp ref="R28">
      <value>1k2</value>
      <footprint>Resistor_SMD:R_0805_2012Metric_Pad1.15x1.40mm_HandSolder</footprint>
      <datasheet>~</datasheet>
      <libsource lib="Device" part="R" description="Resistor"/>
      <sheetpath names="/" tstamps="/"/>
      <tstamp>603491C5</tstamp>
    </comp>
    <comp ref="D8">
      <value>Red</value>
      <footprint>LED_SMD:LED_0805_2012Metric_Pad1.15x1.40mm_HandSolder</footprint>
      <datasheet>~</datasheet>
      <libsource lib="Device" part="LED" description="Light emitting diode"/>
      <sheetpath names="/" tstamps="/"/>
      <tstamp>60349BEF</tstamp>
    </comp>
    <comp ref="D6">
      <value>Green</value>
      <footprint>LED_SMD:LED_0805_2012Metric_Pad1.15x1.40mm_HandSolder</footprint>
      <datasheet>~</datasheet>
      <libsource lib="Device" part="LED" description="Light emitting diode"/>
      <sheetpath names="/" tstamps="/"/>
      <tstamp>603AFF52</tstamp>
    </comp>
    <comp ref="R26">
      <value>1k2</value>
      <footprint>Resistor_SMD:R_0805_2012Metric_Pad1.15x1.40mm_HandSolder</footprint>
      <datasheet>~</datasheet>
      <libsource lib="Device" part="R" description="Resistor"/>
      <sheetpath names="/" tstamps="/"/>
      <tstamp>603AFF5C</tstamp>
    </comp>
    <comp ref="J1">
      <value>TH 3.5mm 2way Pluggable</value>
      <footprint>TerminalBlock_4Ucon:TerminalBlock_4Ucon_1x02_P3.50mm_Horizontal</footprint>
      <datasheet>~</datasheet>
      <libsource lib="Connector" part="Screw_Terminal_01x02" description="Generic screw terminal, single row, 01x02, script generated (kicad-library-utils/schlib/autogen/connector/)"/>
      <sheetpath names="/" tstamps="/"/>
      <tstamp>604E6946</tstamp>
    </comp>
    <comp ref="R30">
      <value>1k2</value>
      <footprint>Resistor_SMD:R_0805_2012Metric_Pad1.15x1.40mm_HandSolder</footprint>
      <datasheet>~</datasheet>
      <libsource lib="Device" part="R" description="Resistor"/>
      <sheetpath names="/" tstamps="/"/>
      <tstamp>607E435A</tstamp>
    </comp>
    <comp ref="D1">
      <value>SS16-E3</value>
      <footprint>Diode_SMD:D_SMA_Handsoldering</footprint>
      <datasheet>~</datasheet>
      <libsource lib="Device" part="D" description="Diode"/>
      <sheetpath names="/" tstamps="/"/>
      <tstamp>60A386AE</tstamp>
    </comp>
    <comp ref="J4">
      <value>TH 2.54mm 2way header</value>
      <footprint>Connector_PinHeader_2.54mm:PinHeader_1x02_P2.54mm_Vertical</footprint>
      <datasheet>~</datasheet>
      <libsource lib="Connector" part="Conn_01x02_Male" description="Generic connector, single row, 01x02, script generated (kicad-library-utils/schlib/autogen/connector/)"/>
      <sheetpath names="/" tstamps="/"/>
      <tstamp>60A8BBE1</tstamp>
    </comp>
    <comp ref="U2">
      <value>LM1117-ADJ</value>
      <footprint>Package_TO_SOT_SMD:SOT-223-3_TabPin2</footprint>
      <datasheet>http://www.ti.com/lit/ds/symlink/lm1117.pdf</datasheet>
      <libsource lib="Regulator_Linear" part="LM1117-ADJ" description="800mA Low-Dropout Linear Regulator, adjustable output, TO-220/TO-252/TO-263/SOT-223"/>
      <sheetpath names="/" tstamps="/"/>
      <tstamp>60C3AA29</tstamp>
    </comp>
    <comp ref="R31">
      <value>470R</value>
      <footprint>Resistor_SMD:R_0805_2012Metric_Pad1.15x1.40mm_HandSolder</footprint>
      <datasheet>~</datasheet>
      <libsource lib="Device" part="R" description="Resistor"/>
      <sheetpath names="/" tstamps="/"/>
      <tstamp>60CDD3DC</tstamp>
    </comp>
    <comp ref="R32">
      <value>2k7</value>
      <footprint>Resistor_SMD:R_0805_2012Metric_Pad1.15x1.40mm_HandSolder</footprint>
      <datasheet>~</datasheet>
      <libsource lib="Device" part="R" description="Resistor"/>
      <sheetpath names="/" tstamps="/"/>
      <tstamp>60CE396A</tstamp>
    </comp>
    <comp ref="C1">
      <value>10u</value>
      <footprint>Capacitor_SMD:C_1210_3225Metric_Pad1.42x2.65mm_HandSolder</footprint>
      <datasheet>~</datasheet>
      <libsource lib="Device" part="CP" description="Polarized capacitor"/>
      <sheetpath names="/" tstamps="/"/>
      <tstamp>60D80467</tstamp>
    </comp>
    <comp ref="Q1">
      <value>DMN2058U</value>
      <footprint>Package_TO_SOT_SMD:SOT-323_SC-70_Handsoldering</footprint>
      <datasheet>http://www.diodes.com/assets/Datasheets/DMN2058U.pdf</datasheet>
      <libsource lib="Transistor_FET" part="DMN2058U" description="4.6A Id, 20V Vds, N-Channel MOSFET, SOT-23"/>
      <sheetpath names="/" tstamps="/"/>
      <tstamp>60E76B34</tstamp>
    </comp>
    <comp ref="Q2">
      <value>DMN2058U</value>
      <footprint>Package_TO_SOT_SMD:SOT-323_SC-70_Handsoldering</footprint>
      <datasheet>http://www.diodes.com/assets/Datasheets/DMN2058U.pdf</datasheet>
      <libsource lib="Transistor_FET" part="DMN2058U" description="4.6A Id, 20V Vds, N-Channel MOSFET, SOT-23"/>
      <sheetpath names="/" tstamps="/"/>
      <tstamp>60E9E979</tstamp>
    </comp>
    <comp ref="Q3">
      <value>DMN2058U</value>
      <footprint>Package_TO_SOT_SMD:SOT-323_SC-70_Handsoldering</footprint>
      <datasheet>http://www.diodes.com/assets/Datasheets/DMN2058U.pdf</datasheet>
      <libsource lib="Transistor_FET" part="DMN2058U" description="4.6A Id, 20V Vds, N-Channel MOSFET, SOT-23"/>
      <sheetpath names="/" tstamps="/"/>
      <tstamp>60EA01E8</tstamp>
    </comp>
    <comp ref="Q4">
      <value>DMN2058U</value>
      <footprint>Package_TO_SOT_SMD:SOT-323_SC-70_Handsoldering</footprint>
      <datasheet>http://www.diodes.com/assets/Datasheets/DMN2058U.pdf</datasheet>
      <libsource lib="Transistor_FET" part="DMN2058U" description="4.6A Id, 20V Vds, N-Channel MOSFET, SOT-23"/>
      <sheetpath names="/" tstamps="/"/>
      <tstamp>60EA4873</tstamp>
    </comp>
    <comp ref="Q5">
      <value>DMN2058U</value>
      <footprint>Package_TO_SOT_SMD:SOT-323_SC-70_Handsoldering</footprint>
      <datasheet>http://www.diodes.com/assets/Datasheets/DMN2058U.pdf</datasheet>
      <libsource lib="Transistor_FET" part="DMN2058U" description="4.6A Id, 20V Vds, N-Channel MOSFET, SOT-23"/>
      <sheetpath names="/" tstamps="/"/>
      <tstamp>60EA5F73</tstamp>
    </comp>
    <comp ref="Q6">
      <value>DMN2058U</value>
      <footprint>Package_TO_SOT_SMD:SOT-323_SC-70_Handsoldering</footprint>
      <datasheet>http://www.diodes.com/assets/Datasheets/DMN2058U.pdf</datasheet>
      <libsource lib="Transistor_FET" part="DMN2058U" description="4.6A Id, 20V Vds, N-Channel MOSFET, SOT-23"/>
      <sheetpath names="/" tstamps="/"/>
      <tstamp>60EAA36E</tstamp>
    </comp>
    <comp ref="Q7">
      <value>DMN2058U</value>
      <footprint>Package_TO_SOT_SMD:SOT-323_SC-70_Handsoldering</footprint>
      <datasheet>http://www.diodes.com/assets/Datasheets/DMN2058U.pdf</datasheet>
      <libsource lib="Transistor_FET" part="DMN2058U" description="4.6A Id, 20V Vds, N-Channel MOSFET, SOT-23"/>
      <sheetpath names="/" tstamps="/"/>
      <tstamp>60EABE4A</tstamp>
    </comp>
    <comp ref="Q8">
      <value>DMN2058U</value>
      <footprint>Package_TO_SOT_SMD:SOT-323_SC-70_Handsoldering</footprint>
      <datasheet>http://www.diodes.com/assets/Datasheets/DMN2058U.pdf</datasheet>
      <libsource lib="Transistor_FET" part="DMN2058U" description="4.6A Id, 20V Vds, N-Channel MOSFET, SOT-23"/>
      <sheetpath names="/" tstamps="/"/>
      <tstamp>60EAE165</tstamp>
    </comp>
    <comp ref="Q9">
      <value>DMN2058U</value>
      <footprint>Package_TO_SOT_SMD:SOT-323_SC-70_Handsoldering</footprint>
      <datasheet>http://www.diodes.com/assets/Datasheets/DMN2058U.pdf</datasheet>
      <libsource lib="Transistor_FET" part="DMN2058U" description="4.6A Id, 20V Vds, N-Channel MOSFET, SOT-23"/>
      <sheetpath names="/" tstamps="/"/>
      <tstamp>60EAF7A4</tstamp>
    </comp>
    <comp ref="Q10">
      <value>DMN2058U</value>
      <footprint>Package_TO_SOT_SMD:SOT-323_SC-70_Handsoldering</footprint>
      <datasheet>http://www.diodes.com/assets/Datasheets/DMN2058U.pdf</datasheet>
      <libsource lib="Transistor_FET" part="DMN2058U" description="4.6A Id, 20V Vds, N-Channel MOSFET, SOT-23"/>
      <sheetpath names="/" tstamps="/"/>
      <tstamp>60EB1474</tstamp>
    </comp>
    <comp ref="Q11">
      <value>DMN2058U</value>
      <footprint>Package_TO_SOT_SMD:SOT-323_SC-70_Handsoldering</footprint>
      <datasheet>http://www.diodes.com/assets/Datasheets/DMN2058U.pdf</datasheet>
      <libsource lib="Transistor_FET" part="DMN2058U" description="4.6A Id, 20V Vds, N-Channel MOSFET, SOT-23"/>
      <sheetpath names="/" tstamps="/"/>
      <tstamp>60EC605D</tstamp>
    </comp>
    <comp ref="TP0">
      <value>TestPoint</value>
      <footprint>TestPoint:TestPoint_THTPad_2.0x2.0mm_Drill1.0mm</footprint>
      <datasheet>~</datasheet>
      <libsource lib="Connector" part="TestPoint" description="test point"/>
      <sheetpath names="/" tstamps="/"/>
      <tstamp>61251891</tstamp>
    </comp>
    <comp ref="R22">
      <value>47R</value>
      <footprint>Resistor_SMD:R_0805_2012Metric_Pad1.15x1.40mm_HandSolder</footprint>
      <datasheet>~</datasheet>
      <libsource lib="Device" part="R" description="Resistor"/>
      <sheetpath names="/" tstamps="/"/>
      <tstamp>606A748F</tstamp>
    </comp>
    <comp ref="SW1">
      <value>TactSW</value>
      <footprint>Button_Switch_SMD:SW_Push_1P1T_NO_6x6mm_H9.5mm</footprint>
      <datasheet>~</datasheet>
      <libsource lib="Switch" part="SW_Push" description="Push button switch, generic, two pins"/>
      <sheetpath names="/" tstamps="/"/>
      <tstamp>6033E229</tstamp>
    </comp>
    <comp ref="U3">
      <value>MCP2515-xSO</value>
      <footprint>Package_SO:SOIC-18W_7.5x11.6mm_P1.27mm</footprint>
      <datasheet>http://ww1.microchip.com/downloads/en/DeviceDoc/21801e.pdf</datasheet>
      <libsource lib="Interface_CAN_LIN" part="MCP2515-xSO" description="Stand-Alone CAN Controller with SPI Interface, SOIC-18"/>
      <sheetpath names="/" tstamps="/"/>
      <tstamp>6066A636</tstamp>
    </comp>
    <comp ref="U5">
      <value>MCP2562-E-SN</value>
      <footprint>Package_SO:SOIC-8_3.9x4.9mm_P1.27mm</footprint>
      <datasheet>http://ww1.microchip.com/downloads/en/DeviceDoc/25167A.pdf</datasheet>
      <libsource lib="Interface_CAN_LIN" part="MCP2562-E-SN" description="High-Speed CAN Transceiver, 1Mbps, 5V supply, Vio pin, -40C to +125C, SOIC8 package"/>
      <sheetpath names="/" tstamps="/"/>
      <tstamp>6066E378</tstamp>
    </comp>
    <comp ref="J2">
      <value>TH 3.5mm 4way Pluggable</value>
      <footprint>TerminalBlock_4Ucon:TerminalBlock_4Ucon_1x04_P3.50mm_Horizontal</footprint>
      <datasheet>~</datasheet>
      <libsource lib="Connector" part="Screw_Terminal_01x04" description="Generic screw terminal, single row, 01x04, script generated (kicad-library-utils/schlib/autogen/connector/)"/>
      <sheetpath names="/" tstamps="/"/>
      <tstamp>606CAB16</tstamp>
    </comp>
    <comp ref="C8">
      <value>10u</value>
      <footprint>Capacitor_SMD:C_1206_3216Metric_Pad1.42x1.75mm_HandSolder</footprint>
      <datasheet>~</datasheet>
      <libsource lib="Device" part="CP_Small" description="Polarized capacitor, small symbol"/>
      <sheetpath names="/" tstamps="/"/>
      <tstamp>606D170A</tstamp>
    </comp>
    <comp ref="Y1">
      <value>16 MHz</value>
      <footprint>Library:Crystal_SMD_7x4mm</footprint>
      <datasheet>~</datasheet>
      <libsource lib="Device" part="Crystal_Small" description="Two pin crystal, small symbol"/>
      <sheetpath names="/" tstamps="/"/>
      <tstamp>606D3295</tstamp>
    </comp>
    <comp ref="C5">
      <value>22p</value>
      <footprint>Capacitor_SMD:C_0805_2012Metric_Pad1.15x1.40mm_HandSolder</footprint>
      <datasheet>~</datasheet>
      <libsource lib="Device" part="C_Small" description="Unpolarized capacitor, small symbol"/>
      <sheetpath names="/" tstamps="/"/>
      <tstamp>606D9E6D</tstamp>
    </comp>
    <comp ref="D2">
      <value>SS16-E3</value>
      <footprint>Diode_SMD:D_SMA_Handsoldering</footprint>
      <datasheet>~</datasheet>
      <libsource lib="Device" part="D" description="Diode"/>
      <sheetpath names="/" tstamps="/"/>
      <tstamp>606EF9BF</tstamp>
    </comp>
    <comp ref="D4">
      <value>Blue</value>
      <footprint>LED_SMD:LED_0805_2012Metric_Pad1.15x1.40mm_HandSolder</footprint>
      <datasheet>~</datasheet>
      <libsource lib="Device" part="LED" description="Light emitting diode"/>
      <sheetpath names="/" tstamps="/"/>
      <tstamp>60735E9C</tstamp>
    </comp>
    <comp ref="D3">
      <value>ESDCAN06-2</value>
      <footprint>Package_TO_SOT_SMD:SOT-23W_Handsoldering</footprint>
      <datasheet>~</datasheet>
      <libsource lib="Device" part="D_TVS_x2_AAC" description="Bidirectional dual transient-voltage-suppression diode, center on pin 3"/>
      <sheetpath names="/" tstamps="/"/>
      <tstamp>60852653</tstamp>
    </comp>
    <comp ref="U6">
      <value>L78L05</value>
      <footprint>Package_TO_SOT_SMD:SOT-89-3</footprint>
      <datasheet>http://www.st.com/content/ccc/resource/technical/document/datasheet/15/55/e5/aa/23/5b/43/fd/CD00000446.pdf/files/CD00000446.pdf/jcr:content/translations/en.CD00000446.pdf</datasheet>
      <libsource lib="Regulator_Linear" part="L78L05_SOT89" description="Positive 100mA 30V Linear Regulator, Fixed Output 5V, SOT-89"/>
      <sheetpath names="/" tstamps="/"/>
      <tstamp>608910A8</tstamp>
    </comp>
    <comp ref="C6">
      <value>22p</value>
      <footprint>Capacitor_SMD:C_0805_2012Metric_Pad1.15x1.40mm_HandSolder</footprint>
      <datasheet>~</datasheet>
      <libsource lib="Device" part="C_Small" description="Unpolarized capacitor, small symbol"/>
      <sheetpath names="/" tstamps="/"/>
      <tstamp>60B357B9</tstamp>
    </comp>
    <comp ref="U1">
      <value>MEGA_PRO_EMBED_CH340G___ATMEGA2560</value>
      <footprint>DHlibrary:MEGA_2560_PRO(EMBED)</footprint>
      <datasheet>12/May/2017</datasheet>
      <fields>
        <field name="Field5">Robotdyn</field>
        <field name="Field6">Manufacturer Recommendations</field>
      </fields>
      <libsource lib="MEGA_PRO_EMBED_CH340G___ATMEGA2560" part="MEGA_PRO_EMBED_CH340G___ATMEGA2560" description=""/>
      <sheetpath names="/" tstamps="/"/>
      <tstamp>61A2B98E</tstamp>
    </comp>
    <comp ref="C4">
      <value>100n</value>
      <footprint>Capacitor_SMD:C_0805_2012Metric_Pad1.15x1.40mm_HandSolder</footprint>
      <datasheet>~</datasheet>
      <libsource lib="Device" part="C_Small" description="Unpolarized capacitor, small symbol"/>
      <sheetpath names="/" tstamps="/"/>
      <tstamp>60FCE285</tstamp>
    </comp>
    <comp ref="U4">
      <value>Si8622BC-B-IS</value>
      <footprint>Package_SO:SOIC-8_3.9x4.9mm_P1.27mm</footprint>
      <datasheet>https://docs-apac.rs-online.com/webdocs/129b/0900766b8129b31d.pdf</datasheet>
      <fields>
        <field name="Arrow Part Number">SI8622BC-B-IS</field>
        <field name="Arrow Price/Stock">https://www.arrow.com/en/products/si8622bc-b-is/silicon-labs</field>
        <field name="Description">Silicon Labs Si8622BC-B-IS PCB SMT 2-channel Digital Isolator, 3.75 kV, 8-Pin SOIC</field>
        <field name="Farnell part number">2423253</field>
        <field name="Height">1.75</field>
        <field name="Manufacturer_Name">Silicon Labs</field>
        <field name="Manufacturer_Part_Number">Si8622BC-B-IS</field>
        <field name="Mouser Part Number">634-SI8622BC-B-IS</field>
        <field name="Mouser Price/Stock">https://www.mouser.co.uk/ProductDetail/Silicon-Labs/SI8622BC-B-IS?qs=j6MGy4L9yX3DxQGET%252BG0bg%3D%3D</field>
      </fields>
      <libsource lib="Si8622BC-B-IS" part="Si8622BC-B-IS" description="Silicon Labs Si8622BC-B-IS PCB SMT 2-channel Digital Isolator, 3.75 kV, 8-Pin SOIC"/>
      <sheetpath names="/" tstamps="/"/>
      <tstamp>61012B6A</tstamp>
    </comp>
    <comp ref="C10">
      <value>100n</value>
      <footprint>Capacitor_SMD:C_0805_2012Metric_Pad1.15x1.40mm_HandSolder</footprint>
      <datasheet>~</datasheet>
      <libsource lib="Device" part="C_Small" description="Unpolarized capacitor, small symbol"/>
      <sheetpath names="/" tstamps="/"/>
      <tstamp>61177EF1</tstamp>
    </comp>
    <comp ref="C7">
      <value>100n</value>
      <footprint>Capacitor_SMD:C_0805_2012Metric_Pad1.15x1.40mm_HandSolder</footprint>
      <datasheet>~</datasheet>
      <libsource lib="Device" part="C_Small" description="Unpolarized capacitor, small symbol"/>
      <sheetpath names="/" tstamps="/"/>
      <tstamp>611D4728</tstamp>
    </comp>
    <comp ref="C9">
      <value>10u</value>
      <footprint>Capacitor_SMD:C_1206_3216Metric_Pad1.42x1.75mm_HandSolder</footprint>
      <datasheet>~</datasheet>
      <libsource lib="Device" part="CP_Small" description="Polarized capacitor, small symbol"/>
      <sheetpath names="/" tstamps="/"/>
      <tstamp>61523F91</tstamp>
    </comp>
    <comp ref="F1">
      <value>MC36242</value>
      <footprint>Fuse:Fuse_1812_4532Metric_Pad1.30x3.40mm_HandSolder</footprint>
      <datasheet>~</datasheet>
      <libsource lib="Device" part="Polyfuse_Small" description="Resettable fuse, polymeric positive temperature coefficient, small symbol"/>
      <sheetpath names="/" tstamps="/"/>
      <tstamp>6047D264</tstamp>
    </comp>
    <comp ref="R11">
      <value>1M</value>
      <footprint>Resistor_SMD:R_0805_2012Metric_Pad1.15x1.40mm_HandSolder</footprint>
      <datasheet>~</datasheet>
      <libsource lib="Device" part="R" description="Resistor"/>
      <sheetpath names="/" tstamps="/"/>
      <tstamp>606B90FF</tstamp>
    </comp>
    <comp ref="R12">
      <value>1M</value>
      <footprint>Resistor_SMD:R_0805_2012Metric_Pad1.15x1.40mm_HandSolder</footprint>
      <datasheet>~</datasheet>
      <libsource lib="Device" part="R" description="Resistor"/>
      <sheetpath names="/" tstamps="/"/>
      <tstamp>607748D7</tstamp>
    </comp>
    <comp ref="R13">
      <value>1M</value>
      <footprint>Resistor_SMD:R_0805_2012Metric_Pad1.15x1.40mm_HandSolder</footprint>
      <datasheet>~</datasheet>
      <libsource lib="Device" part="R" description="Resistor"/>
      <sheetpath names="/" tstamps="/"/>
      <tstamp>6077551E</tstamp>
    </comp>
    <comp ref="R14">
      <value>1M</value>
      <footprint>Resistor_SMD:R_0805_2012Metric_Pad1.15x1.40mm_HandSolder</footprint>
      <datasheet>~</datasheet>
      <libsource lib="Device" part="R" description="Resistor"/>
      <sheetpath names="/" tstamps="/"/>
      <tstamp>60778435</tstamp>
    </comp>
    <comp ref="R16">
      <value>1M</value>
      <footprint>Resistor_SMD:R_0805_2012Metric_Pad1.15x1.40mm_HandSolder</footprint>
      <datasheet>~</datasheet>
      <libsource lib="Device" part="R" description="Resistor"/>
      <sheetpath names="/" tstamps="/"/>
      <tstamp>6078635C</tstamp>
    </comp>
    <comp ref="R15">
      <value>1M</value>
      <footprint>Resistor_SMD:R_0805_2012Metric_Pad1.15x1.40mm_HandSolder</footprint>
      <datasheet>~</datasheet>
      <libsource lib="Device" part="R" description="Resistor"/>
      <sheetpath names="/" tstamps="/"/>
      <tstamp>60791B60</tstamp>
    </comp>
    <comp ref="R17">
      <value>1M</value>
      <footprint>Resistor_SMD:R_0805_2012Metric_Pad1.15x1.40mm_HandSolder</footprint>
      <datasheet>~</datasheet>
      <libsource lib="Device" part="R" description="Resistor"/>
      <sheetpath names="/" tstamps="/"/>
      <tstamp>607937D8</tstamp>
    </comp>
    <comp ref="R18">
      <value>1M</value>
      <footprint>Resistor_SMD:R_0805_2012Metric_Pad1.15x1.40mm_HandSolder</footprint>
      <datasheet>~</datasheet>
      <libsource lib="Device" part="R" description="Resistor"/>
      <sheetpath names="/" tstamps="/"/>
      <tstamp>60797EEB</tstamp>
    </comp>
    <comp ref="R19">
      <value>1M</value>
      <footprint>Resistor_SMD:R_0805_2012Metric_Pad1.15x1.40mm_HandSolder</footprint>
      <datasheet>~</datasheet>
      <libsource lib="Device" part="R" description="Resistor"/>
      <sheetpath names="/" tstamps="/"/>
      <tstamp>60798ED4</tstamp>
    </comp>
    <comp ref="R20">
      <value>1M</value>
      <footprint>Resistor_SMD:R_0805_2012Metric_Pad1.15x1.40mm_HandSolder</footprint>
      <datasheet>~</datasheet>
      <libsource lib="Device" part="R" description="Resistor"/>
      <sheetpath names="/" tstamps="/"/>
      <tstamp>60799E5C</tstamp>
    </comp>
    <comp ref="R21">
      <value>1M</value>
      <footprint>Resistor_SMD:R_0805_2012Metric_Pad1.15x1.40mm_HandSolder</footprint>
      <datasheet>~</datasheet>
      <libsource lib="Device" part="R" description="Resistor"/>
      <sheetpath names="/" tstamps="/"/>
      <tstamp>60C5DD84</tstamp>
    </comp>
    <comp ref="D5">
      <value>Orange</value>
      <footprint>LED_SMD:LED_0805_2012Metric_Pad1.15x1.40mm_HandSolder</footprint>
      <datasheet>~</datasheet>
      <libsource lib="Device" part="LED" description="Light emitting diode"/>
      <sheetpath names="/" tstamps="/"/>
      <tstamp>6047A46D</tstamp>
    </comp>
    <comp ref="R25">
      <value>1k2</value>
      <footprint>Resistor_SMD:R_0805_2012Metric_Pad1.15x1.40mm_HandSolder</footprint>
      <datasheet>~</datasheet>
      <libsource lib="Device" part="R" description="Resistor"/>
      <sheetpath names="/" tstamps="/"/>
      <tstamp>6047A473</tstamp>
    </comp>
    <comp ref="R33">
      <value>1k2</value>
      <footprint>Resistor_SMD:R_0805_2012Metric_Pad1.15x1.40mm_HandSolder</footprint>
      <datasheet>~</datasheet>
      <libsource lib="Device" part="R" description="Resistor"/>
      <sheetpath names="/" tstamps="/"/>
      <tstamp>60735EA2</tstamp>
    </comp>
    <comp ref="D9">
      <value>Blue</value>
      <footprint>LED_SMD:LED_0805_2012Metric_Pad1.15x1.40mm_HandSolder</footprint>
      <datasheet>~</datasheet>
      <libsource lib="Device" part="LED" description="Light emitting diode"/>
      <sheetpath names="/" tstamps="/"/>
      <tstamp>61EAFE2E</tstamp>
    </comp>
    <comp ref="R29">
      <value>2k7</value>
      <footprint>Resistor_SMD:R_0805_2012Metric_Pad1.15x1.40mm_HandSolder</footprint>
      <datasheet>~</datasheet>
      <libsource lib="Device" part="R" description="Resistor"/>
      <sheetpath names="/" tstamps="/"/>
      <tstamp>61EAFE38</tstamp>
    </comp>
    <comp ref="J5">
      <value>TH 2.54 7way header</value>
      <footprint>Connector_PinHeader_2.54mm:PinHeader_1x07_P2.54mm_Vertical</footprint>
      <datasheet>~</datasheet>
      <libsource lib="Connector" part="Conn_01x07_Female" description="Generic connector, single row, 01x07, script generated (kicad-library-utils/schlib/autogen/connector/)"/>
      <sheetpath names="/" tstamps="/"/>
      <tstamp>60B656CB</tstamp>
    </comp>
    <comp ref="TP1">
      <value>TestPoint</value>
      <footprint>TestPoint:TestPoint_THTPad_1.5x1.5mm_Drill0.7mm</footprint>
      <datasheet>~</datasheet>
      <libsource lib="Connector" part="TestPoint" description="test point"/>
      <sheetpath names="/" tstamps="/"/>
      <tstamp>604F8E9F</tstamp>
    </comp>
    <comp ref="TP3">
      <value>TestPoint</value>
      <footprint>TestPoint:TestPoint_THTPad_1.5x1.5mm_Drill0.7mm</footprint>
      <datasheet>~</datasheet>
      <libsource lib="Connector" part="TestPoint" description="test point"/>
      <sheetpath names="/" tstamps="/"/>
      <tstamp>605F8EDC</tstamp>
    </comp>
    <comp ref="TP4">
      <value>TestPoint</value>
      <footprint>TestPoint:TestPoint_THTPad_1.5x1.5mm_Drill0.7mm</footprint>
      <datasheet>~</datasheet>
      <libsource lib="Connector" part="TestPoint" description="test point"/>
      <sheetpath names="/" tstamps="/"/>
      <tstamp>606631B0</tstamp>
    </comp>
    <comp ref="J6">
      <value>Conn_01x02_Male</value>
      <footprint>Connector_PinHeader_2.54mm:PinHeader_1x02_P2.54mm_Vertical</footprint>
      <datasheet>~</datasheet>
      <libsource lib="Connector" part="Conn_01x02_Male" description="Generic connector, single row, 01x02, script generated (kicad-library-utils/schlib/autogen/connector/)"/>
      <sheetpath names="/" tstamps="/"/>
      <tstamp>60735745</tstamp>
    </comp>
    <comp ref="R24">
      <value>2k7</value>
      <footprint>Resistor_SMD:R_0805_2012Metric_Pad1.15x1.40mm_HandSolder</footprint>
      <datasheet>~</datasheet>
      <libsource lib="Device" part="R" description="Resistor"/>
      <sheetpath names="/" tstamps="/"/>
      <tstamp>601B5EAC</tstamp>
    </comp>
  </components>
  <libparts>
    <libpart lib="Connector" part="Conn_01x02_Male">
      <description>Generic connector, single row, 01x02, script generated (kicad-library-utils/schlib/autogen/connector/)</description>
      <docs>~</docs>
      <footprints>
        <fp>Connector*:*_1x??_*</fp>
      </footprints>
      <fields>
        <field name="Reference">J</field>
        <field name="Value">Conn_01x02_Male</field>
      </fields>
      <pins>
        <pin num="1" name="Pin_1" type="passive"/>
        <pin num="2" name="Pin_2" type="passive"/>
      </pins>
    </libpart>
    <libpart lib="Connector" part="Conn_01x07_Female">
      <description>Generic connector, single row, 01x07, script generated (kicad-library-utils/schlib/autogen/connector/)</description>
      <docs>~</docs>
      <footprints>
        <fp>Connector*:*_1x??_*</fp>
      </footprints>
      <fields>
        <field name="Reference">J</field>
        <field name="Value">Conn_01x07_Female</field>
      </fields>
      <pins>
        <pin num="1" name="Pin_1" type="passive"/>
        <pin num="2" name="Pin_2" type="passive"/>
        <pin num="3" name="Pin_3" type="passive"/>
        <pin num="4" name="Pin_4" type="passive"/>
        <pin num="5" name="Pin_5" type="passive"/>
        <pin num="6" name="Pin_6" type="passive"/>
        <pin num="7" name="Pin_7" type="passive"/>
      </pins>
    </libpart>
    <libpart lib="Connector" part="Screw_Terminal_01x02">
      <description>Generic screw terminal, single row, 01x02, script generated (kicad-library-utils/schlib/autogen/connector/)</description>
      <docs>~</docs>
      <footprints>
        <fp>TerminalBlock*:*</fp>
      </footprints>
      <fields>
        <field name="Reference">J</field>
        <field name="Value">Screw_Terminal_01x02</field>
      </fields>
      <pins>
        <pin num="1" name="Pin_1" type="passive"/>
        <pin num="2" name="Pin_2" type="passive"/>
      </pins>
    </libpart>
    <libpart lib="Connector" part="Screw_Terminal_01x04">
      <description>Generic screw terminal, single row, 01x04, script generated (kicad-library-utils/schlib/autogen/connector/)</description>
      <docs>~</docs>
      <footprints>
        <fp>TerminalBlock*:*</fp>
      </footprints>
      <fields>
        <field name="Reference">J</field>
        <field name="Value">Screw_Terminal_01x04</field>
      </fields>
      <pins>
        <pin num="1" name="Pin_1" type="passive"/>
        <pin num="2" name="Pin_2" type="passive"/>
        <pin num="3" name="Pin_3" type="passive"/>
        <pin num="4" name="Pin_4" type="passive"/>
      </pins>
    </libpart>
    <libpart lib="Connector" part="TestPoint">
      <description>test point</description>
      <docs>~</docs>
      <footprints>
        <fp>Pin*</fp>
        <fp>Test*</fp>
      </footprints>
      <fields>
        <field name="Reference">TP</field>
        <field name="Value">TestPoint</field>
      </fields>
      <pins>
        <pin num="1" name="1" type="passive"/>
      </pins>
    </libpart>
    <libpart lib="Connector_Generic" part="Conn_01x12">
      <description>Generic connector, single row, 01x12, script generated (kicad-library-utils/schlib/autogen/connector/)</description>
      <docs>~</docs>
      <footprints>
        <fp>Connector*:*_1x??_*</fp>
      </footprints>
      <fields>
        <field name="Reference">J</field>
        <field name="Value">Conn_01x12</field>
      </fields>
      <pins>
        <pin num="1" name="Pin_1" type="passive"/>
        <pin num="2" name="Pin_2" type="passive"/>
        <pin num="3" name="Pin_3" type="passive"/>
        <pin num="4" name="Pin_4" type="passive"/>
        <pin num="5" name="Pin_5" type="passive"/>
        <pin num="6" name="Pin_6" type="passive"/>
        <pin num="7" name="Pin_7" type="passive"/>
        <pin num="8" name="Pin_8" type="passive"/>
        <pin num="9" name="Pin_9" type="passive"/>
        <pin num="10" name="Pin_10" type="passive"/>
        <pin num="11" name="Pin_11" type="passive"/>
        <pin num="12" name="Pin_12" type="passive"/>
      </pins>
    </libpart>
    <libpart lib="Device" part="C">
      <description>Unpolarized capacitor</description>
      <docs>~</docs>
      <footprints>
        <fp>C_*</fp>
      </footprints>
      <fields>
        <field name="Reference">C</field>
        <field name="Value">C</field>
      </fields>
      <pins>
        <pin num="1" name="~" type="passive"/>
        <pin num="2" name="~" type="passive"/>
      </pins>
    </libpart>
    <libpart lib="Device" part="CP">
      <description>Polarized capacitor</description>
      <docs>~</docs>
      <footprints>
        <fp>CP_*</fp>
      </footprints>
      <fields>
        <field name="Reference">C</field>
        <field name="Value">CP</field>
      </fields>
      <pins>
        <pin num="1" name="~" type="passive"/>
        <pin num="2" name="~" type="passive"/>
      </pins>
    </libpart>
    <libpart lib="Device" part="CP_Small">
      <description>Polarized capacitor, small symbol</description>
      <docs>~</docs>
      <footprints>
        <fp>CP_*</fp>
      </footprints>
      <fields>
        <field name="Reference">C</field>
        <field name="Value">CP_Small</field>
      </fields>
      <pins>
        <pin num="1" name="~" type="passive"/>
        <pin num="2" name="~" type="passive"/>
      </pins>
    </libpart>
    <libpart lib="Device" part="C_Small">
      <description>Unpolarized capacitor, small symbol</description>
      <docs>~</docs>
      <footprints>
        <fp>C_*</fp>
      </footprints>
      <fields>
        <field name="Reference">C</field>
        <field name="Value">C_Small</field>
      </fields>
      <pins>
        <pin num="1" name="~" type="passive"/>
        <pin num="2" name="~" type="passive"/>
      </pins>
    </libpart>
    <libpart lib="Device" part="Crystal_Small">
      <description>Two pin crystal, small symbol</description>
      <docs>~</docs>
      <footprints>
        <fp>Crystal*</fp>
      </footprints>
      <fields>
        <field name="Reference">Y</field>
        <field name="Value">Crystal_Small</field>
      </fields>
      <pins>
        <pin num="1" name="1" type="passive"/>
        <pin num="2" name="2" type="passive"/>
      </pins>
    </libpart>
    <libpart lib="Device" part="D">
      <description>Diode</description>
      <docs>~</docs>
      <footprints>
        <fp>TO-???*</fp>
        <fp>*_Diode_*</fp>
        <fp>*SingleDiode*</fp>
        <fp>D_*</fp>
      </footprints>
      <fields>
        <field name="Reference">D</field>
        <field name="Value">D</field>
      </fields>
      <pins>
        <pin num="1" name="K" type="passive"/>
        <pin num="2" name="A" type="passive"/>
      </pins>
    </libpart>
    <libpart lib="Device" part="D_TVS_x2_AAC">
      <description>Bidirectional dual transient-voltage-suppression diode, center on pin 3</description>
      <docs>~</docs>
      <fields>
        <field name="Reference">D</field>
        <field name="Value">D_TVS_x2_AAC</field>
      </fields>
      <pins>
        <pin num="1" name="A1" type="passive"/>
        <pin num="2" name="A2" type="passive"/>
        <pin num="3" name="common" type="input"/>
      </pins>
    </libpart>
    <libpart lib="Device" part="LED">
      <description>Light emitting diode</description>
      <docs>~</docs>
      <footprints>
        <fp>LED*</fp>
        <fp>LED_SMD:*</fp>
        <fp>LED_THT:*</fp>
      </footprints>
      <fields>
        <field name="Reference">D</field>
        <field name="Value">LED</field>
      </fields>
      <pins>
        <pin num="1" name="K" type="passive"/>
        <pin num="2" name="A" type="passive"/>
      </pins>
    </libpart>
    <libpart lib="Device" part="Polyfuse_Small">
      <description>Resettable fuse, polymeric positive temperature coefficient, small symbol</description>
      <docs>~</docs>
      <footprints>
        <fp>*polyfuse*</fp>
        <fp>*PTC*</fp>
      </footprints>
      <fields>
        <field name="Reference">F</field>
        <field name="Value">Polyfuse_Small</field>
      </fields>
      <pins>
        <pin num="1" name="~" type="passive"/>
        <pin num="2" name="~" type="passive"/>
      </pins>
    </libpart>
    <libpart lib="Device" part="R">
      <description>Resistor</description>
      <docs>~</docs>
      <footprints>
        <fp>R_*</fp>
      </footprints>
      <fields>
        <field name="Reference">R</field>
        <field name="Value">R</field>
      </fields>
      <pins>
        <pin num="1" name="~" type="passive"/>
        <pin num="2" name="~" type="passive"/>
      </pins>
    </libpart>
    <libpart lib="Interface_CAN_LIN" part="MCP2515-xSO">
      <description>Stand-Alone CAN Controller with SPI Interface, SOIC-18</description>
      <docs>http://ww1.microchip.com/downloads/en/DeviceDoc/21801e.pdf</docs>
      <footprints>
        <fp>SOIC*7.5x11.6mm*P1.27mm*</fp>
      </footprints>
      <fields>
        <field name="Reference">U</field>
        <field name="Value">MCP2515-xSO</field>
        <field name="Footprint">Package_SO:SOIC-18W_7.5x11.6mm_P1.27mm</field>
      </fields>
      <pins>
        <pin num="1" name="TXCAN" type="output"/>
        <pin num="2" name="RXCAN" type="input"/>
        <pin num="3" name="CLKOUT/SOF" type="output"/>
        <pin num="4" name="~TX0RTS" type="input"/>
        <pin num="5" name="~TX1RTS" type="input"/>
        <pin num="6" name="~TX2RTS" type="input"/>
        <pin num="7" name="OSC2" type="output"/>
        <pin num="8" name="OSC1" type="input"/>
        <pin num="9" name="VSS" type="power_in"/>
        <pin num="10" name="~RX1BF" type="output"/>
        <pin num="11" name="~RX0BF" type="output"/>
        <pin num="12" name="~INT" type="output"/>
        <pin num="13" name="SCK" type="input"/>
        <pin num="14" name="SI" type="input"/>
        <pin num="15" name="SO" type="output"/>
        <pin num="16" name="~CS" type="input"/>
        <pin num="17" name="~RESET" type="input"/>
        <pin num="18" name="VDD" type="power_in"/>
      </pins>
    </libpart>
    <libpart lib="Interface_CAN_LIN" part="MCP2562-E-SN">
      <aliases>
        <alias>MCP2562-H-SN</alias>
      </aliases>
      <description>High-Speed CAN Transceiver, 1Mbps, 5V supply, Vio pin, -40C to +125C, SOIC8 package</description>
      <docs>http://ww1.microchip.com/downloads/en/DeviceDoc/25167A.pdf</docs>
      <footprints>
        <fp>SOIC*P1.27mm*</fp>
      </footprints>
      <fields>
        <field name="Reference">U</field>
        <field name="Value">MCP2562-E-SN</field>
        <field name="Footprint">Package_SO:SOIC-8_3.9x4.9mm_P1.27mm</field>
      </fields>
      <pins>
        <pin num="1" name="TXD" type="input"/>
        <pin num="2" name="VSS" type="power_in"/>
        <pin num="3" name="VDD" type="power_in"/>
        <pin num="4" name="RXD" type="output"/>
        <pin num="5" name="Vio" type="power_in"/>
        <pin num="6" name="CANL" type="BiDi"/>
        <pin num="7" name="CANH" type="BiDi"/>
        <pin num="8" name="STBY" type="input"/>
      </pins>
    </libpart>
    <libpart lib="MEGA_PRO_EMBED_CH340G___ATMEGA2560" part="MEGA_PRO_EMBED_CH340G___ATMEGA2560">
      <docs>12/May/2017</docs>
      <footprints>
        <fp>MEGA</fp>
      </footprints>
      <fields>
        <field name="Reference">U</field>
        <field name="Value">MEGA_PRO_EMBED_CH340G___ATMEGA2560</field>
        <field name="Footprint">DHlibrary:MEGA_2560_PRO(EMBED)</field>
        <field name="Field5">Robotdyn</field>
        <field name="Field6">Manufacturer Recommendations</field>
      </fields>
      <pins>
        <pin num="1" name="VIN_1" type="power_in"/>
        <pin num="2" name="VIN_2" type="power_in"/>
        <pin num="3" name="GND_1" type="power_in"/>
        <pin num="4" name="GND_2" type="power_in"/>
        <pin num="5" name="5V_1" type="power_out"/>
        <pin num="6" name="5V_2" type="passive"/>
        <pin num="7" name="3V3_1" type="power_out"/>
        <pin num="8" name="3V3_2" type="passive"/>
        <pin num="9" name="RST" type="input"/>
        <pin num="10" name="AREF" type="input"/>
        <pin num="11" name="TX" type="output"/>
        <pin num="12" name="RX" type="input"/>
        <pin num="13" name="D3" type="BiDi"/>
        <pin num="14" name="D2" type="BiDi"/>
        <pin num="15" name="D5" type="BiDi"/>
        <pin num="16" name="D4" type="BiDi"/>
        <pin num="17" name="D7" type="BiDi"/>
        <pin num="18" name="D6" type="BiDi"/>
        <pin num="19" name="D9" type="BiDi"/>
        <pin num="20" name="D8" type="BiDi"/>
        <pin num="21" name="D11" type="BiDi"/>
        <pin num="22" name="D10" type="BiDi"/>
        <pin num="23" name="D13" type="BiDi"/>
        <pin num="24" name="D12" type="BiDi"/>
        <pin num="25" name="D15" type="BiDi"/>
        <pin num="26" name="D14" type="BiDi"/>
        <pin num="27" name="D17" type="BiDi"/>
        <pin num="28" name="D16" type="BiDi"/>
        <pin num="29" name="D19" type="BiDi"/>
        <pin num="30" name="D18" type="BiDi"/>
        <pin num="31" name="D21" type="BiDi"/>
        <pin num="32" name="D20" type="BiDi"/>
        <pin num="33" name="D23" type="BiDi"/>
        <pin num="34" name="D22" type="BiDi"/>
        <pin num="35" name="D25" type="BiDi"/>
        <pin num="36" name="D24" type="BiDi"/>
        <pin num="37" name="D27" type="BiDi"/>
        <pin num="38" name="D26" type="BiDi"/>
        <pin num="39" name="D29" type="BiDi"/>
        <pin num="40" name="D28" type="BiDi"/>
        <pin num="41" name="D31" type="BiDi"/>
        <pin num="42" name="D30" type="BiDi"/>
        <pin num="43" name="D52" type="BiDi"/>
        <pin num="44" name="D50" type="BiDi"/>
        <pin num="45" name="D48" type="BiDi"/>
        <pin num="46" name="D47" type="BiDi"/>
        <pin num="47" name="D46" type="BiDi"/>
        <pin num="48" name="D53" type="BiDi"/>
        <pin num="49" name="D51" type="BiDi"/>
        <pin num="50" name="D49" type="BiDi"/>
        <pin num="51" name="D45" type="BiDi"/>
        <pin num="52" name="D44" type="BiDi"/>
        <pin num="53" name="D43" type="BiDi"/>
        <pin num="54" name="D42" type="BiDi"/>
        <pin num="55" name="D41" type="BiDi"/>
        <pin num="56" name="D40" type="BiDi"/>
        <pin num="57" name="D39" type="BiDi"/>
        <pin num="58" name="D38" type="BiDi"/>
        <pin num="59" name="D37" type="BiDi"/>
        <pin num="60" name="D36" type="BiDi"/>
        <pin num="61" name="D35" type="BiDi"/>
        <pin num="62" name="D34" type="BiDi"/>
        <pin num="63" name="D33" type="BiDi"/>
        <pin num="64" name="D32" type="BiDi"/>
        <pin num="65" name="A15" type="BiDi"/>
        <pin num="66" name="A14" type="BiDi"/>
        <pin num="67" name="A13" type="BiDi"/>
        <pin num="68" name="A12" type="BiDi"/>
        <pin num="69" name="A11" type="BiDi"/>
        <pin num="70" name="A10" type="BiDi"/>
        <pin num="71" name="A9" type="BiDi"/>
        <pin num="72" name="A8" type="BiDi"/>
        <pin num="73" name="A7" type="BiDi"/>
        <pin num="74" name="A6" type="BiDi"/>
        <pin num="75" name="A5" type="BiDi"/>
        <pin num="76" name="A4" type="BiDi"/>
        <pin num="77" name="A3" type="BiDi"/>
        <pin num="78" name="A2" type="BiDi"/>
        <pin num="79" name="A1" type="BiDi"/>
        <pin num="80" name="A0" type="BiDi"/>
      </pins>
    </libpart>
    <libpart lib="Regulator_Linear" part="LM1117-ADJ">
      <aliases>
        <alias>TLV1117-ADJ</alias>
      </aliases>
      <description>800mA Low-Dropout Linear Regulator, adjustable output, TO-220/TO-252/TO-263/SOT-223</description>
      <docs>http://www.ti.com/lit/ds/symlink/lm1117.pdf</docs>
      <footprints>
        <fp>SOT?223*</fp>
        <fp>TO?263*</fp>
        <fp>TO?252*</fp>
        <fp>TO?220*</fp>
      </footprints>
      <fields>
        <field name="Reference">U</field>
        <field name="Value">LM1117-ADJ</field>
      </fields>
      <pins>
        <pin num="1" name="ADJ" type="input"/>
        <pin num="2" name="VO" type="power_out"/>
        <pin num="3" name="VI" type="power_in"/>
      </pins>
    </libpart>
    <libpart lib="Regulator_Linear" part="MC78L05_SOT89">
      <aliases>
        <alias>MC78L08_SOT89</alias>
        <alias>MC78L12_SOT89</alias>
        <alias>L78L33_SOT89</alias>
        <alias>L78L05_SOT89</alias>
        <alias>L78L06_SOT89</alias>
        <alias>L78L08_SOT89</alias>
        <alias>L78L09_SOT89</alias>
        <alias>L78L10_SOT89</alias>
        <alias>L78L12_SOT89</alias>
        <alias>L78L15_SOT89</alias>
        <alias>L78L18_SOT89</alias>
        <alias>L78L24_SOT89</alias>
        <alias>MCP1804x-1802xMB</alias>
        <alias>MCP1804x-2502xMB</alias>
        <alias>MCP1804x-3002xMB</alias>
        <alias>MCP1804x-3302xMB</alias>
        <alias>MCP1804x-5002xMB</alias>
        <alias>MCP1804x-A002xMB</alias>
        <alias>MCP1804x-C002xMB</alias>
      </aliases>
      <description>Positive 100mA 30V Linear Regulator, Fixed Output 5V, SOT-89</description>
      <docs>http://www.fairchildsemi.com/ds/LM/LM78L05A.pdf</docs>
      <footprints>
        <fp>SOT?89*</fp>
      </footprints>
      <fields>
        <field name="Reference">U</field>
        <field name="Value">MC78L05_SOT89</field>
        <field name="Footprint">Package_TO_SOT_SMD:SOT-89-3</field>
      </fields>
      <pins>
        <pin num="1" name="OUT" type="power_out"/>
        <pin num="2" name="GND" type="power_in"/>
        <pin num="3" name="IN" type="power_in"/>
      </pins>
    </libpart>
    <libpart lib="Si8622BC-B-IS" part="Si8622BC-B-IS">
      <description>Silicon Labs Si8622BC-B-IS PCB SMT 2-channel Digital Isolator, 3.75 kV, 8-Pin SOIC</description>
      <docs>https://docs-apac.rs-online.com/webdocs/129b/0900766b8129b31d.pdf</docs>
      <fields>
        <field name="Reference">U</field>
        <field name="Value">Si8622BC-B-IS</field>
        <field name="Footprint">SOIC127P600X175-8N</field>
        <field name="Datasheet">https://docs-apac.rs-online.com/webdocs/129b/0900766b8129b31d.pdf</field>
        <field name="Description">Silicon Labs Si8622BC-B-IS PCB SMT 2-channel Digital Isolator, 3.75 kV, 8-Pin SOIC</field>
        <field name="Height">1.75</field>
        <field name="Manufacturer_Name">Silicon Labs</field>
        <field name="Manufacturer_Part_Number">Si8622BC-B-IS</field>
        <field name="Mouser Part Number">634-SI8622BC-B-IS</field>
        <field name="Mouser Price/Stock">https://www.mouser.co.uk/ProductDetail/Silicon-Labs/SI8622BC-B-IS?qs=j6MGy4L9yX3DxQGET%252BG0bg%3D%3D</field>
        <field name="Arrow Part Number">SI8622BC-B-IS</field>
        <field name="Arrow Price/Stock">https://www.arrow.com/en/products/si8622bc-b-is/silicon-labs</field>
      </fields>
      <pins>
        <pin num="1" name="VDD1" type="power_in"/>
        <pin num="2" name="A1" type="output"/>
        <pin num="3" name="A2" type="input"/>
        <pin num="4" name="GND1" type="power_in"/>
        <pin num="5" name="GND2" type="power_in"/>
        <pin num="6" name="B2" type="output"/>
        <pin num="7" name="B1" type="input"/>
        <pin num="8" name="VDD2" type="power_in"/>
      </pins>
    </libpart>
    <libpart lib="Switch" part="SW_Push">
      <description>Push button switch, generic, two pins</description>
      <docs>~</docs>
      <fields>
        <field name="Reference">SW</field>
        <field name="Value">SW_Push</field>
      </fields>
      <pins>
        <pin num="1" name="1" type="passive"/>
        <pin num="2" name="2" type="passive"/>
      </pins>
    </libpart>
    <libpart lib="Transistor_FET" part="BSS138">
      <aliases>
        <alias>2N7002</alias>
        <alias>2N7002E</alias>
        <alias>2N7002H</alias>
        <alias>2N7002K</alias>
        <alias>BS170F</alias>
        <alias>BS870</alias>
        <alias>BSN20</alias>
        <alias>BSS123</alias>
        <alias>BSS127S</alias>
        <alias>DMG2302U</alias>
        <alias>DMG3402L</alias>
        <alias>DMG3404L</alias>
        <alias>DMG3406L</alias>
        <alias>DMG3414U</alias>
        <alias>DMG3418L</alias>
        <alias>DMN10H220L</alias>
        <alias>DMN10H700S</alias>
        <alias>DMN13H750S</alias>
        <alias>DMN2041L</alias>
        <alias>DMN2050L</alias>
        <alias>DMN2056U</alias>
        <alias>DMN2058U</alias>
        <alias>DMN2075U</alias>
        <alias>DMN2230U</alias>
        <alias>DMN24H11DS</alias>
        <alias>DMN24H3D5L</alias>
        <alias>DMN3042L</alias>
        <alias>DMN3051L</alias>
        <alias>DMN30H4D0L</alias>
        <alias>DMN3110S</alias>
        <alias>DMN3150L</alias>
        <alias>DMN3300U</alias>
        <alias>DMN3404L</alias>
        <alias>DMN6075S</alias>
        <alias>DMN6140L</alias>
        <alias>DMN67D7L</alias>
        <alias>DMN67D8L</alias>
        <alias>MMBF170</alias>
        <alias>VN10LF</alias>
        <alias>ZVN3306F</alias>
        <alias>ZVN3310F</alias>
        <alias>ZVN3320F</alias>
        <alias>ZVN4106F</alias>
        <alias>ZXM61N02F</alias>
        <alias>ZXM61N03F</alias>
        <alias>ZXMN10A07F</alias>
        <alias>ZXMN2A01F</alias>
        <alias>ZXMN2A14F</alias>
        <alias>ZXMN2B01F</alias>
        <alias>ZXMN2B14FH</alias>
        <alias>ZXMN2F30FH</alias>
        <alias>ZXMN2F34FH</alias>
        <alias>ZXMN3A01F</alias>
        <alias>ZXMN3A14F</alias>
        <alias>ZXMN3B01F</alias>
        <alias>ZXMN3B14F</alias>
        <alias>ZXMN3F30FH</alias>
        <alias>ZXMN6A07F</alias>
        <alias>IRLML0030</alias>
        <alias>IRLML2060</alias>
      </aliases>
      <description>50V Vds, 0.22A Id, N-Channel MOSFET, SOT-23</description>
      <docs>https://www.fairchildsemi.com/datasheets/BS/BSS138.pdf</docs>
      <footprints>
        <fp>SOT?23*</fp>
      </footprints>
      <fields>
        <field name="Reference">Q</field>
        <field name="Value">BSS138</field>
        <field name="Footprint">Package_TO_SOT_SMD:SOT-23</field>
      </fields>
      <pins>
        <pin num="1" name="G" type="input"/>
        <pin num="2" name="S" type="passive"/>
        <pin num="3" name="D" type="passive"/>
      </pins>
    </libpart>
  </libparts>
  <libraries>
    <library logical="Connector">
      <uri>/usr/share/kicad/library/Connector.lib</uri>
    </library>
    <library logical="Connector_Generic">
      <uri>/usr/share/kicad/library/Connector_Generic.lib</uri>
    </library>
    <library logical="Device">
      <uri>/usr/share/kicad/library/Device.lib</uri>
    </library>
    <library logical="Interface_CAN_LIN">
      <uri>/usr/share/kicad/library/Interface_CAN_LIN.lib</uri>
    </library>
    <library logical="MEGA_PRO_EMBED_CH340G___ATMEGA2560">
      <uri>/home/wortinguk/Documents/KiCad/Library/MEGA_PRO_EMBED_CH340G___ATMEGA2560.lib</uri>
    </library>
    <library logical="Regulator_Linear">
      <uri>/usr/share/kicad/library/Regulator_Linear.lib</uri>
    </library>
    <library logical="Si8622BC-B-IS">
      <uri>/home/wortinguk/Documents/KiCad/Library/DHlibrary.pretty/Si8622BC-B-IS.lib</uri>
    </library>
    <library logical="Switch">
      <uri>/usr/share/kicad/library/Switch.lib</uri>
    </library>
    <library logical="Transistor_FET">
      <uri>/usr/share/kicad/library/Transistor_FET.lib</uri>
    </library>
  </libraries>
  <nets>
    <net code="1" name="Net-(U3-Pad17)">
      <node ref="U3" pin="17"/>
    </net>
    <net code="2" name="Net-(U1-Pad74)">
      <node ref="U1" pin="74"/>
    </net>
    <net code="3" name="Net-(U1-Pad75)">
      <node ref="U1" pin="75"/>
    </net>
    <net code="4" name="Net-(U1-Pad76)">
      <node ref="U1" pin="76"/>
    </net>
    <net code="5" name="Net-(U1-Pad77)">
      <node ref="U1" pin="77"/>
    </net>
    <net code="6" name="Net-(U1-Pad78)">
      <node ref="U1" pin="78"/>
    </net>
    <net code="7" name="Net-(U1-Pad79)">
      <node ref="U1" pin="79"/>
    </net>
    <net code="8" name="Net-(U1-Pad9)">
      <node ref="U1" pin="9"/>
    </net>
    <net code="9" name="/RXCAN">
      <node ref="U4" pin="2"/>
      <node ref="U3" pin="2"/>
    </net>
    <net code="10" name="/TXCAN">
      <node ref="U4" pin="3"/>
      <node ref="U3" pin="1"/>
    </net>
    <net code="11" name="Net-(U3-Pad3)">
      <node ref="U3" pin="3"/>
    </net>
    <net code="12" name="Net-(U1-Pad73)">
      <node ref="U1" pin="73"/>
    </net>
    <net code="13" name="Net-(U3-Pad6)">
      <node ref="U3" pin="6"/>
    </net>
    <net code="14" name="Net-(U3-Pad5)">
      <node ref="U3" pin="5"/>
    </net>
    <net code="15" name="Net-(U3-Pad4)">
      <node ref="U3" pin="4"/>
    </net>
    <net code="16" name="Net-(U3-Pad10)">
      <node ref="U3" pin="10"/>
    </net>
    <net code="17" name="GND">
      <node ref="R14" pin="1"/>
      <node ref="R16" pin="1"/>
      <node ref="R15" pin="1"/>
      <node ref="R17" pin="1"/>
      <node ref="R13" pin="1"/>
      <node ref="U1" pin="3"/>
      <node ref="D5" pin="1"/>
      <node ref="R21" pin="1"/>
      <node ref="J5" pin="5"/>
      <node ref="U1" pin="4"/>
      <node ref="D9" pin="1"/>
      <node ref="R12" pin="1"/>
      <node ref="J6" pin="1"/>
      <node ref="R19" pin="1"/>
      <node ref="R20" pin="1"/>
      <node ref="R18" pin="1"/>
      <node ref="R11" pin="1"/>
      <node ref="C3" pin="2"/>
      <node ref="SW1" pin="2"/>
      <node ref="C5" pin="2"/>
      <node ref="U3" pin="9"/>
      <node ref="TP0" pin="1"/>
      <node ref="Q11" pin="2"/>
      <node ref="J1" pin="2"/>
      <node ref="D8" pin="1"/>
      <node ref="D7" pin="1"/>
      <node ref="D6" pin="1"/>
      <node ref="R32" pin="1"/>
      <node ref="C1" pin="2"/>
      <node ref="R23" pin="2"/>
      <node ref="C2" pin="2"/>
      <node ref="U4" pin="4"/>
      <node ref="C7" pin="2"/>
      <node ref="C6" pin="2"/>
      <node ref="C4" pin="2"/>
    </net>
    <net code="18" name="/RXD">
      <node ref="U5" pin="4"/>
      <node ref="U4" pin="7"/>
    </net>
    <net code="19" name="Net-(U1-Pad50)">
      <node ref="U1" pin="50"/>
    </net>
    <net code="20" name="Net-(U1-Pad53)">
      <node ref="U1" pin="53"/>
    </net>
    <net code="21" name="Net-(U1-Pad54)">
      <node ref="U1" pin="54"/>
    </net>
    <net code="22" name="Net-(U1-Pad55)">
      <node ref="U1" pin="55"/>
    </net>
    <net code="23" name="Net-(U1-Pad56)">
      <node ref="U1" pin="56"/>
    </net>
    <net code="24" name="Net-(U1-Pad57)">
      <node ref="U1" pin="57"/>
    </net>
    <net code="25" name="Net-(U1-Pad58)">
      <node ref="U1" pin="58"/>
    </net>
    <net code="26" name="/AWDsig">
      <node ref="U1" pin="59"/>
      <node ref="R22" pin="1"/>
    </net>
    <net code="27" name="/LEDora">
      <node ref="R25" pin="1"/>
      <node ref="U1" pin="63"/>
    </net>
    <net code="28" name="Net-(U1-Pad64)">
      <node ref="U1" pin="64"/>
    </net>
    <net code="29" name="Net-(U1-Pad65)">
      <node ref="U1" pin="65"/>
    </net>
    <net code="30" name="Net-(U1-Pad67)">
      <node ref="U1" pin="67"/>
    </net>
    <net code="31" name="Net-(U1-Pad69)">
      <node ref="U1" pin="69"/>
    </net>
    <net code="32" name="Net-(U1-Pad70)">
      <node ref="U1" pin="70"/>
    </net>
    <net code="33" name="Net-(U1-Pad71)">
      <node ref="U1" pin="71"/>
    </net>
    <net code="34" name="Net-(U1-Pad72)">
      <node ref="U1" pin="72"/>
    </net>
    <net code="35" name="GNDD">
      <node ref="J6" pin="2"/>
      <node ref="C9" pin="2"/>
      <node ref="U6" pin="2"/>
      <node ref="C10" pin="2"/>
      <node ref="U4" pin="5"/>
      <node ref="D4" pin="1"/>
      <node ref="U5" pin="2"/>
      <node ref="D3" pin="3"/>
      <node ref="C8" pin="2"/>
      <node ref="J2" pin="4"/>
      <node ref="U5" pin="8"/>
    </net>
    <net code="36" name="/TXD">
      <node ref="U5" pin="1"/>
      <node ref="U4" pin="6"/>
    </net>
    <net code="37" name="+5V">
      <node ref="C7" pin="1"/>
      <node ref="U4" pin="1"/>
      <node ref="J5" pin="4"/>
      <node ref="U1" pin="6"/>
      <node ref="U3" pin="18"/>
      <node ref="U1" pin="5"/>
      <node ref="C4" pin="1"/>
    </net>
    <net code="38" name="+5C">
      <node ref="U6" pin="1"/>
      <node ref="U4" pin="8"/>
      <node ref="R33" pin="1"/>
      <node ref="C10" pin="1"/>
      <node ref="C9" pin="1"/>
      <node ref="U5" pin="3"/>
      <node ref="U5" pin="5"/>
    </net>
    <net code="39" name="/OSC1">
      <node ref="C6" pin="1"/>
      <node ref="Y1" pin="1"/>
      <node ref="U3" pin="8"/>
    </net>
    <net code="40" name="/SPI_INT">
      <node ref="U1" pin="14"/>
      <node ref="U3" pin="12"/>
    </net>
    <net code="41" name="/SPI_SCK">
      <node ref="U1" pin="43"/>
      <node ref="U3" pin="13"/>
    </net>
    <net code="42" name="/SPI_SS">
      <node ref="U1" pin="48"/>
      <node ref="U3" pin="16"/>
    </net>
    <net code="43" name="/CAN-H">
      <node ref="J2" pin="3"/>
      <node ref="U5" pin="7"/>
      <node ref="D3" pin="1"/>
    </net>
    <net code="44" name="/SPI_MISO">
      <node ref="U1" pin="44"/>
      <node ref="U3" pin="15"/>
    </net>
    <net code="45" name="/CAN-L">
      <node ref="D3" pin="2"/>
      <node ref="U5" pin="6"/>
      <node ref="J2" pin="2"/>
    </net>
    <net code="46" name="/CBUS12">
      <node ref="D2" pin="2"/>
      <node ref="J2" pin="1"/>
    </net>
    <net code="47" name="Net-(U1-Pad36)">
      <node ref="U1" pin="36"/>
    </net>
    <net code="48" name="Net-(U1-Pad24)">
      <node ref="U1" pin="24"/>
    </net>
    <net code="49" name="Net-(U1-Pad25)">
      <node ref="U1" pin="25"/>
    </net>
    <net code="50" name="Net-(U1-Pad26)">
      <node ref="U1" pin="26"/>
    </net>
    <net code="51" name="/ENCPHB">
      <node ref="U1" pin="27"/>
      <node ref="J5" pin="3"/>
    </net>
    <net code="52" name="Net-(U1-Pad28)">
      <node ref="U1" pin="28"/>
    </net>
    <net code="53" name="/ENCSW">
      <node ref="U1" pin="29"/>
      <node ref="J5" pin="1"/>
    </net>
    <net code="54" name="/ENCPHA">
      <node ref="J5" pin="2"/>
      <node ref="U1" pin="30"/>
    </net>
    <net code="55" name="Net-(U1-Pad33)">
      <node ref="U1" pin="33"/>
    </net>
    <net code="56" name="Net-(U1-Pad34)">
      <node ref="U1" pin="34"/>
    </net>
    <net code="57" name="Net-(U1-Pad35)">
      <node ref="U1" pin="35"/>
    </net>
    <net code="58" name="Net-(U1-Pad23)">
      <node ref="U1" pin="23"/>
    </net>
    <net code="59" name="Net-(U1-Pad37)">
      <node ref="U1" pin="37"/>
    </net>
    <net code="60" name="Net-(U1-Pad38)">
      <node ref="U1" pin="38"/>
    </net>
    <net code="61" name="Net-(U1-Pad39)">
      <node ref="U1" pin="39"/>
    </net>
    <net code="62" name="Net-(U1-Pad40)">
      <node ref="U1" pin="40"/>
    </net>
    <net code="63" name="Net-(U1-Pad45)">
      <node ref="U1" pin="45"/>
    </net>
    <net code="64" name="Net-(U1-Pad46)">
      <node ref="U1" pin="46"/>
    </net>
    <net code="65" name="Net-(U1-Pad11)">
      <node ref="U1" pin="11"/>
    </net>
    <net code="66" name="/SPI_MOSI">
      <node ref="U1" pin="49"/>
      <node ref="U3" pin="14"/>
    </net>
    <net code="67" name="/PWM8">
      <node ref="U1" pin="51"/>
      <node ref="R9" pin="1"/>
    </net>
    <net code="68" name="Net-(U1-Pad10)">
      <node ref="U1" pin="10"/>
    </net>
    <net code="69" name="Net-(U1-Pad12)">
      <node ref="U1" pin="12"/>
    </net>
    <net code="70" name="Net-(U1-Pad16)">
      <node ref="U1" pin="16"/>
    </net>
    <net code="71" name="/8.4V">
      <node ref="C2" pin="1"/>
      <node ref="U2" pin="2"/>
      <node ref="R31" pin="2"/>
      <node ref="U1" pin="2"/>
      <node ref="U1" pin="1"/>
    </net>
    <net code="72" name="Net-(U1-Pad21)">
      <node ref="U1" pin="21"/>
    </net>
    <net code="73" name="/I2CSCL">
      <node ref="U1" pin="32"/>
      <node ref="J5" pin="6"/>
    </net>
    <net code="74" name="/I2CSDA">
      <node ref="U1" pin="31"/>
      <node ref="J5" pin="7"/>
    </net>
    <net code="75" name="/+12C">
      <node ref="U6" pin="3"/>
      <node ref="D2" pin="1"/>
      <node ref="C8" pin="1"/>
    </net>
    <net code="76" name="/TP_D30">
      <node ref="TP3" pin="1"/>
      <node ref="U1" pin="42"/>
    </net>
    <net code="77" name="/ISRTIME_TP">
      <node ref="TP4" pin="1"/>
      <node ref="U1" pin="41"/>
    </net>
    <net code="78" name="/senseR">
      <node ref="J3" pin="2"/>
      <node ref="R23" pin="1"/>
      <node ref="Q9" pin="2"/>
      <node ref="Q10" pin="2"/>
      <node ref="Q4" pin="2"/>
      <node ref="Q1" pin="2"/>
      <node ref="Q2" pin="2"/>
      <node ref="Q3" pin="2"/>
      <node ref="R24" pin="2"/>
      <node ref="Q5" pin="2"/>
      <node ref="Q6" pin="2"/>
      <node ref="Q7" pin="2"/>
      <node ref="Q8" pin="2"/>
    </net>
    <net code="79" name="+12V">
      <node ref="F1" pin="1"/>
      <node ref="J3" pin="1"/>
      <node ref="R29" pin="1"/>
    </net>
    <net code="80" name="/RX0BF">
      <node ref="U3" pin="11"/>
      <node ref="TP1" pin="1"/>
    </net>
    <net code="81" name="/OSC2">
      <node ref="C5" pin="1"/>
      <node ref="U3" pin="7"/>
      <node ref="Y1" pin="2"/>
    </net>
    <net code="82" name="/blue">
      <node ref="R29" pin="2"/>
      <node ref="U1" pin="66"/>
      <node ref="D9" pin="2"/>
    </net>
    <net code="83" name="/ora">
      <node ref="R25" pin="2"/>
      <node ref="D5" pin="2"/>
    </net>
    <net code="84" name="/LEDgrn">
      <node ref="U1" pin="61"/>
      <node ref="R26" pin="1"/>
    </net>
    <net code="85" name="/grn">
      <node ref="D6" pin="2"/>
      <node ref="R26" pin="2"/>
    </net>
    <net code="86" name="/AWD">
      <node ref="J4" pin="1"/>
      <node ref="Q11" pin="3"/>
      <node ref="R30" pin="1"/>
    </net>
    <net code="87" name="/LEDyel">
      <node ref="U1" pin="62"/>
      <node ref="R27" pin="1"/>
    </net>
    <net code="88" name="/yel">
      <node ref="R27" pin="2"/>
      <node ref="D7" pin="2"/>
    </net>
    <net code="89" name="/LEDred">
      <node ref="R28" pin="1"/>
      <node ref="U1" pin="60"/>
    </net>
    <net code="90" name="/red">
      <node ref="D8" pin="2"/>
      <node ref="R28" pin="2"/>
    </net>
    <net code="91" name="/Q11g">
      <node ref="R21" pin="2"/>
      <node ref="R22" pin="2"/>
      <node ref="Q11" pin="1"/>
    </net>
    <net code="92" name="Net-(R31-Pad1)">
      <node ref="R32" pin="2"/>
      <node ref="R31" pin="1"/>
      <node ref="U2" pin="1"/>
    </net>
    <net code="93" name="Net-(C1-Pad1)">
      <node ref="D1" pin="1"/>
      <node ref="U2" pin="3"/>
      <node ref="C1" pin="1"/>
    </net>
    <net code="94" name="/12Vin">
      <node ref="F1" pin="2"/>
      <node ref="J1" pin="1"/>
      <node ref="D1" pin="2"/>
    </net>
    <net code="95" name="/PWM5">
      <node ref="U1" pin="19"/>
      <node ref="R6" pin="1"/>
    </net>
    <net code="96" name="/PWM6">
      <node ref="U1" pin="22"/>
      <node ref="R7" pin="1"/>
    </net>
    <net code="97" name="/PWM3">
      <node ref="R4" pin="1"/>
      <node ref="U1" pin="17"/>
    </net>
    <net code="98" name="/PWM4">
      <node ref="R5" pin="1"/>
      <node ref="U1" pin="20"/>
    </net>
    <net code="99" name="/PWM7">
      <node ref="R8" pin="1"/>
      <node ref="U1" pin="52"/>
    </net>
    <net code="100" name="/PWM1">
      <node ref="U1" pin="15"/>
      <node ref="R2" pin="1"/>
    </net>
    <net code="101" name="/PWM9">
      <node ref="U1" pin="47"/>
      <node ref="R10" pin="1"/>
    </net>
    <net code="102" name="/PWM2">
      <node ref="R3" pin="1"/>
      <node ref="U1" pin="18"/>
    </net>
    <net code="103" name="/Sense">
      <node ref="R24" pin="1"/>
      <node ref="U1" pin="80"/>
      <node ref="C3" pin="1"/>
    </net>
    <net code="104" name="/LED3">
      <node ref="J3" pin="5"/>
      <node ref="Q3" pin="3"/>
    </net>
    <net code="105" name="/LED10">
      <node ref="J3" pin="12"/>
      <node ref="Q10" pin="3"/>
    </net>
    <net code="106" name="/LED9">
      <node ref="J3" pin="11"/>
      <node ref="Q9" pin="3"/>
    </net>
    <net code="107" name="/LED8">
      <node ref="J3" pin="10"/>
      <node ref="Q8" pin="3"/>
    </net>
    <net code="108" name="/LED7">
      <node ref="J3" pin="9"/>
      <node ref="Q7" pin="3"/>
    </net>
    <net code="109" name="/LED6">
      <node ref="J3" pin="8"/>
      <node ref="Q6" pin="3"/>
    </net>
    <net code="110" name="/LED5">
      <node ref="Q5" pin="3"/>
      <node ref="J3" pin="7"/>
    </net>
    <net code="111" name="/LED4">
      <node ref="J3" pin="6"/>
      <node ref="Q4" pin="3"/>
    </net>
    <net code="112" name="/LED2">
      <node ref="Q2" pin="3"/>
      <node ref="J3" pin="4"/>
    </net>
    <net code="113" name="/LED1">
      <node ref="Q1" pin="3"/>
      <node ref="J3" pin="3"/>
    </net>
    <net code="114" name="/PWM0">
      <node ref="R1" pin="1"/>
      <node ref="U1" pin="13"/>
    </net>
    <net code="115" name="+3V3">
      <node ref="J4" pin="2"/>
      <node ref="U1" pin="7"/>
      <node ref="U1" pin="8"/>
      <node ref="R30" pin="2"/>
    </net>
    <net code="116" name="Net-(D4-Pad2)">
      <node ref="D4" pin="2"/>
      <node ref="R33" pin="2"/>
    </net>
    <net code="117" name="/tactSw">
      <node ref="U1" pin="68"/>
      <node ref="SW1" pin="1"/>
    </net>
    <net code="118" name="/Q1g">
      <node ref="Q1" pin="1"/>
      <node ref="R11" pin="2"/>
      <node ref="R1" pin="2"/>
    </net>
    <net code="119" name="/Q2g">
      <node ref="Q2" pin="1"/>
      <node ref="R2" pin="2"/>
      <node ref="R12" pin="2"/>
    </net>
    <net code="120" name="/Q3g">
      <node ref="R13" pin="2"/>
      <node ref="R3" pin="2"/>
      <node ref="Q3" pin="1"/>
    </net>
    <net code="121" name="/Q4g">
      <node ref="R4" pin="2"/>
      <node ref="R14" pin="2"/>
      <node ref="Q4" pin="1"/>
    </net>
    <net code="122" name="/Q5g">
      <node ref="R5" pin="2"/>
      <node ref="Q5" pin="1"/>
      <node ref="R15" pin="2"/>
    </net>
    <net code="123" name="/Q6g">
      <node ref="R16" pin="2"/>
      <node ref="Q6" pin="1"/>
      <node ref="R6" pin="2"/>
    </net>
    <net code="124" name="/Q7g">
      <node ref="Q7" pin="1"/>
      <node ref="R17" pin="2"/>
      <node ref="R7" pin="2"/>
    </net>
    <net code="125" name="/Q8g">
      <node ref="R8" pin="2"/>
      <node ref="Q8" pin="1"/>
      <node ref="R18" pin="2"/>
    </net>
    <net code="126" name="/Q9g">
      <node ref="R9" pin="2"/>
      <node ref="R19" pin="2"/>
      <node ref="Q9" pin="1"/>
    </net>
    <net code="127" name="/Q10g">
      <node ref="Q10" pin="1"/>
      <node ref="R20" pin="2"/>
      <node ref="R10" pin="2"/>
    </net>
  </nets>
</export>
